-- phpMyAdmin SQL Dump
-- version 4.2.7.1
-- http://www.phpmyadmin.net
--
-- Host: 127.0.0.1
-- Generation Time: 28 Okt 2019 pada 07.52
-- Versi Server: 5.6.20
-- PHP Version: 5.5.15

SET SQL_MODE = "NO_AUTO_VALUE_ON_ZERO";
SET time_zone = "+00:00";


/*!40101 SET @OLD_CHARACTER_SET_CLIENT=@@CHARACTER_SET_CLIENT */;
/*!40101 SET @OLD_CHARACTER_SET_RESULTS=@@CHARACTER_SET_RESULTS */;
/*!40101 SET @OLD_COLLATION_CONNECTION=@@COLLATION_CONNECTION */;
/*!40101 SET NAMES utf8 */;

--
-- Database: `sisterv2fratz`
--

-- --------------------------------------------------------

--
-- Struktur dari tabel `addon_pemesanan_kendaraan`
--

CREATE TABLE IF NOT EXISTS `addon_pemesanan_kendaraan` (
`id` int(10) NOT NULL,
  `tglmulai` varchar(100) NOT NULL,
  `tglselesai` varchar(100) NOT NULL,
  `pemesan` varchar(100) NOT NULL,
  `kendaraan` varchar(100) NOT NULL,
  `asalsekolah` varchar(100) NOT NULL,
  `keperluan` varchar(512) NOT NULL
) ENGINE=InnoDB  DEFAULT CHARSET=latin1 AUTO_INCREMENT=5 ;

--
-- Dumping data untuk tabel `addon_pemesanan_kendaraan`
--

INSERT INTO `addon_pemesanan_kendaraan` (`id`, `tglmulai`, `tglselesai`, `pemesan`, `kendaraan`, `asalsekolah`, `keperluan`) VALUES
(4, '2019-10-28 13:49:53', '2019-10-29 13:49:56', 'User', 'ELF', 'SMA', 'Lomba');

-- --------------------------------------------------------

--
-- Struktur dari tabel `user`
--

CREATE TABLE IF NOT EXISTS `user` (
`id` int(11) NOT NULL,
  `name` varchar(128) NOT NULL,
  `username` varchar(100) NOT NULL,
  `email` varchar(128) NOT NULL,
  `image` varchar(128) NOT NULL,
  `password` varchar(256) NOT NULL,
  `role_id` int(11) NOT NULL,
  `is_active` int(1) NOT NULL,
  `date_created` int(11) NOT NULL
) ENGINE=InnoDB  DEFAULT CHARSET=latin1 AUTO_INCREMENT=4 ;

--
-- Dumping data untuk tabel `user`
--

INSERT INTO `user` (`id`, `name`, `username`, `email`, `image`, `password`, `role_id`, `is_active`, `date_created`) VALUES
(3, 'Administrator', 'superadmin', 'superadmin@admin.com', 'default.jpg', '$2y$10$2ytVBiY/MKZD/.0RQVL90.nADXTP39rXQN2HsK./jGTnlH.ZwmVrG', 1, 1, 1555463755);

-- --------------------------------------------------------

--
-- Struktur dari tabel `user_access_menu`
--

CREATE TABLE IF NOT EXISTS `user_access_menu` (
`id` int(11) NOT NULL,
  `role_id` int(11) NOT NULL,
  `menu_id` int(11) NOT NULL
) ENGINE=InnoDB  DEFAULT CHARSET=latin1 AUTO_INCREMENT=10 ;

--
-- Dumping data untuk tabel `user_access_menu`
--

INSERT INTO `user_access_menu` (`id`, `role_id`, `menu_id`) VALUES
(1, 1, 1),
(2, 1, 2),
(4, 1, 3),
(5, 3, 2),
(6, 3, 3),
(7, 2, 14),
(8, 1, 15),
(9, 1, 16);

-- --------------------------------------------------------

--
-- Struktur dari tabel `user_access_submenu`
--

CREATE TABLE IF NOT EXISTS `user_access_submenu` (
`id` int(11) NOT NULL,
  `role_id` int(11) NOT NULL,
  `submenu_id` int(11) NOT NULL
) ENGINE=InnoDB  DEFAULT CHARSET=latin1 AUTO_INCREMENT=83 ;

--
-- Dumping data untuk tabel `user_access_submenu`
--

INSERT INTO `user_access_submenu` (`id`, `role_id`, `submenu_id`) VALUES
(4, 1, 2),
(5, 1, 3),
(6, 1, 8),
(7, 1, 4),
(12, 1, 1),
(13, 1, 10),
(14, 1, 9),
(15, 1, 7),
(16, 1, 14),
(17, 1, 15),
(18, 1, 16),
(19, 1, 17),
(20, 1, 18),
(21, 1, 19),
(22, 1, 20),
(23, 1, 21),
(24, 1, 22),
(25, 1, 23),
(26, 1, 24),
(27, 1, 25),
(28, 1, 26),
(29, 1, 27),
(31, 1, 28),
(32, 1, 29),
(33, 1, 30),
(34, 1, 31),
(36, 3, 32),
(37, 3, 33),
(38, 4, 32),
(39, 4, 33),
(40, 1, 34),
(41, 1, 35),
(42, 1, 36),
(43, 1, 37),
(44, 1, 38),
(45, 1, 39),
(46, 1, 40),
(47, 1, 41),
(48, 1, 42),
(49, 1, 43),
(50, 1, 44),
(51, 1, 45),
(52, 1, 46),
(53, 1, 47),
(54, 1, 48),
(55, 1, 49),
(56, 1, 50),
(57, 1, 51),
(58, 1, 52),
(59, 1, 53),
(60, 1, 54),
(61, 1, 55),
(62, 1, 56),
(63, 1, 57),
(64, 1, 58),
(65, 1, 59),
(66, 1, 60),
(67, 1, 61),
(68, 5, 62),
(69, 5, 63),
(70, 5, 64),
(71, 5, 65),
(72, 5, 66),
(73, 5, 67),
(74, 5, 68),
(75, 5, 69),
(76, 1, 70),
(77, 1, 71),
(78, 1, 5),
(79, 2, 72),
(80, 1, 73),
(81, 1, 74),
(82, 1, 75);

-- --------------------------------------------------------

--
-- Struktur dari tabel `user_menu`
--

CREATE TABLE IF NOT EXISTS `user_menu` (
`id` int(11) NOT NULL,
  `icon` varchar(255) DEFAULT NULL,
  `menu_id` varchar(50) NOT NULL,
  `menu` varchar(128) NOT NULL
) ENGINE=InnoDB  DEFAULT CHARSET=latin1 AUTO_INCREMENT=17 ;

--
-- Dumping data untuk tabel `user_menu`
--

INSERT INTO `user_menu` (`id`, `icon`, `menu_id`, `menu`) VALUES
(1, 'fa fa-fw fa-wrench', 'admin', 'Admin'),
(2, 'fa fa-fw fa-users', 'user', 'User'),
(3, 'fa fa-fw fa-navicon', 'menu', 'Menu'),
(15, 'fa fa-fw fa-users', 'api', 'API'),
(16, 'fa fa-fw fa-calendar', 'pemesanan', 'Pemesanan');

-- --------------------------------------------------------

--
-- Struktur dari tabel `user_role`
--

CREATE TABLE IF NOT EXISTS `user_role` (
`id` int(11) NOT NULL,
  `role` varchar(256) NOT NULL
) ENGINE=InnoDB  DEFAULT CHARSET=latin1 AUTO_INCREMENT=5 ;

--
-- Dumping data untuk tabel `user_role`
--

INSERT INTO `user_role` (`id`, `role`) VALUES
(1, 'Administrator'),
(2, 'Guru'),
(3, 'Waka Humas'),
(4, 'Waka Kurikulum');

-- --------------------------------------------------------

--
-- Struktur dari tabel `user_sub_menu`
--

CREATE TABLE IF NOT EXISTS `user_sub_menu` (
`id` int(11) NOT NULL,
  `menu_id` int(11) NOT NULL,
  `title` varchar(128) NOT NULL,
  `url` varchar(128) NOT NULL,
  `icon` varchar(128) NOT NULL,
  `sort` int(11) NOT NULL DEFAULT '1',
  `is_active` int(1) NOT NULL
) ENGINE=InnoDB  DEFAULT CHARSET=latin1 AUTO_INCREMENT=76 ;

--
-- Dumping data untuk tabel `user_sub_menu`
--

INSERT INTO `user_sub_menu` (`id`, `menu_id`, `title`, `url`, `icon`, `sort`, `is_active`) VALUES
(1, 1, 'Dashboard', 'admin', 'fa fa-fw fa-dashboard', 1, 0),
(2, 2, 'My Profile', 'user', 'fa fa-fw fa-user', 1, 1),
(3, 2, 'Edit Profile', 'user/edit', 'fa fa-fw fa-user', 1, 1),
(4, 3, 'Menu Management', 'menu', 'fa fa-fw fa-folder', 1, 1),
(5, 3, 'Submenu Management', 'menu/submenu', 'fa fa-fw fa-folder-open', 2, 1),
(7, 1, 'Role', 'admin/role', 'fa fa-fw fa-user-secret', 1, 1),
(8, 2, 'Change Password', 'user/changepassword', 'fa fa-fw fa-key', 1, 1),
(9, 1, 'Users', 'admin/userlogin', 'fa fa-fw fa-users', 1, 1),
(10, 1, 'Web Setting', 'admin/websetting', 'fa fa-fw fa-wrench', 1, 1),
(73, 15, 'API Public', 'api/apipublic', '', 1, 1),
(74, 16, 'Kendaraan', 'pemesanan/kendaraan', '', 1, 1),
(75, 16, 'Lapangan', 'pemesanan/lapangan', '', 2, 1);

--
-- Indexes for dumped tables
--

--
-- Indexes for table `addon_pemesanan_kendaraan`
--
ALTER TABLE `addon_pemesanan_kendaraan`
 ADD PRIMARY KEY (`id`);

--
-- Indexes for table `user`
--
ALTER TABLE `user`
 ADD PRIMARY KEY (`id`);

--
-- Indexes for table `user_access_menu`
--
ALTER TABLE `user_access_menu`
 ADD PRIMARY KEY (`id`);

--
-- Indexes for table `user_access_submenu`
--
ALTER TABLE `user_access_submenu`
 ADD PRIMARY KEY (`id`);

--
-- Indexes for table `user_menu`
--
ALTER TABLE `user_menu`
 ADD PRIMARY KEY (`id`);

--
-- Indexes for table `user_role`
--
ALTER TABLE `user_role`
 ADD PRIMARY KEY (`id`);

--
-- Indexes for table `user_sub_menu`
--
ALTER TABLE `user_sub_menu`
 ADD PRIMARY KEY (`id`);

--
-- AUTO_INCREMENT for dumped tables
--

--
-- AUTO_INCREMENT for table `addon_pemesanan_kendaraan`
--
ALTER TABLE `addon_pemesanan_kendaraan`
MODIFY `id` int(10) NOT NULL AUTO_INCREMENT,AUTO_INCREMENT=5;
--
-- AUTO_INCREMENT for table `user`
--
ALTER TABLE `user`
MODIFY `id` int(11) NOT NULL AUTO_INCREMENT,AUTO_INCREMENT=4;
--
-- AUTO_INCREMENT for table `user_access_menu`
--
ALTER TABLE `user_access_menu`
MODIFY `id` int(11) NOT NULL AUTO_INCREMENT,AUTO_INCREMENT=10;
--
-- AUTO_INCREMENT for table `user_access_submenu`
--
ALTER TABLE `user_access_submenu`
MODIFY `id` int(11) NOT NULL AUTO_INCREMENT,AUTO_INCREMENT=83;
--
-- AUTO_INCREMENT for table `user_menu`
--
ALTER TABLE `user_menu`
MODIFY `id` int(11) NOT NULL AUTO_INCREMENT,AUTO_INCREMENT=17;
--
-- AUTO_INCREMENT for table `user_role`
--
ALTER TABLE `user_role`
MODIFY `id` int(11) NOT NULL AUTO_INCREMENT,AUTO_INCREMENT=5;
--
-- AUTO_INCREMENT for table `user_sub_menu`
--
ALTER TABLE `user_sub_menu`
MODIFY `id` int(11) NOT NULL AUTO_INCREMENT,AUTO_INCREMENT=76;
/*!40101 SET CHARACTER_SET_CLIENT=@OLD_CHARACTER_SET_CLIENT */;
/*!40101 SET CHARACTER_SET_RESULTS=@OLD_CHARACTER_SET_RESULTS */;
/*!40101 SET COLLATION_CONNECTION=@OLD_COLLATION_CONNECTION */;
